uid,shard,migration_ts,migrated_status
E3sZj0Mgl7eB5S5Sz1RN9RnH8hh1,1,1679389989210,success
Bg1uRb8MpORI9ePzfC83EJ6sKWB2,1,1679389993587,success
KazgLdsHFrUop678RfUoDzPwrQ63,1,1679390005232,success
U2zJOz0tyxRv84uYZQhr3394yuv2,1,1679390036781,success
Qz051Dg2R5d6Wfb6DBFVyaTRucv2,1,1679390050063,success
GfbSlzi54yRE3H4XSmtyxGz7ZI83,1,1679390082005,success
ydAk0ON8vGSblyt6H3exdhbYscc2,1,1679390088416,success
HE2c09apv4hQ4s9hAmBla1WyP0y1,1,1679390119703,success
E9o7ltzvgeRpozBi5NjvnYiT1iu2,1,1679390150021,success
X3C3zkeHVOfMz6mX6LMgXpobjJk1,1,1679390170769,success
h5OvfBLQN2UvnMP0qe6nQRLnk6R2,1,1679390194672,success
b01L64dSBQU5zBWQqS20ZmUV9Ti1,1,1679390219790,success
Jr8J8yRABeS6sTDVd5ZNwAjhzL13,1,1679390227649,success
BU0PV9VKXmZmZ9RxpDShXXhEpuE2,1,1679390234711,success
uDqL4hJ02MTUDsRsRUqSyBUE56t2,1,1679390303796,success
lbawIlw0ZVZVN47i2nuOmTBXMWj2,1,1679390317351,success
bx2E2cD4YDOVDAtuIMmwyuuY5xf2,1,1679390361583,success
hlNBgxFY2RTxIEM9sgkC5EOi33Q2,1,1679390379149,success
7Wq55vfS2nMkyx9sishRs7ZuGGN2,1,1679390385506,success
W0F4H4JZNZZPI6jRw55nvMP77GE3,1,1679390410130,success
Vyi0yCJuY6PbPei2RMUO05bDQOI2,1,1679390413325,success
cfKQdzVS5ZgBidbpYYITBDntfjc2,1,1679390490841,success
SXZHEDCkzddbHrMA12ZhHs709me2,1,1679390528112,success
Y6lQTjno68MbOA4RZAUrSgPgFJy2,1,1679390530819,success
kJZ0CTyLJDeozK387dJsurnc9Pi2,1,1679390549369,success
N4sN764TxZd80dprfQNB0RhQ4832,1,1679390601615,success
Cc3StjjHkKaqcgFG1gLkm70FeLw1,1,1679390605854,success
4KtDiWektsVY55JKNojwj9cMQ5w1,1,1679390621359,success
GVxolJFT1CYRLIf0xt0upHv3wN22,1,1679390656214,success
0cKgLPJ8biZIk8vd5WaWwAh2bVu2,1,1679390657690,success
JdUCE6LM9ZhnXkqQsuLhH7XGdWm2,1,1679390709085,success
mwh2wPVUsjbfjXryNQIamuwtAWz1,1,1679390710983,success
VQJrRMEvd5Z4WYm5MreZy82FytE2,1,1679390765004,success
xOH9tZACN8ckvE6MEHER64AF44q2,1,1679390767185,success
bJxZwMOPdhMMoviKKtmqfgA30SY2,1,1679390790274,success
RVNncbK6ulhCd3wIlhKVjZqQap22,1,1679390828835,success
CiyPs3LQQfOyuBfy1bo5sZdCPOn2,1,1679390854990,success
tphWbjp9Pxb38PfmFCxfAWMXjwE3,1,1679390878167,success
G92wPN9PkJeD25riJwkpeovtzhg1,1,1679390896485,success
RXSwcUxipIh8XQiw6k4RI2eepmu2,1,1679390899865,success
WUcYUHjQw3axcwLuvvnhD41NyGz1,1,1679390925925,success
JvRRvQitaqbGVBiM8qqYtF3VXZt1,1,1679390954453,success
LW4hv0N5WyfaQJnchs1Ia1KYxk33,1,1679390963573,success
ba8wvx3cOphmGeg9PMWaXuBNIiJ3,1,1679391010488,success
teBxESxkcrgN8nFfrKcLFjVmVqO2,1,1679391017903,success
J9abvlld8qakTZe9kZ3USrlXkez1,1,1679391018244,success
zzUEV0Xq3aWpk8yrifLJIN4KTym1,1,1679391022112,success
gcrVEPQxm4dTt03zUksPUqTLSA82,1,1679391039282,success
XBW1cfkbh7clKagq5mQSlnagCot1,1,1679391087125,success
1cGc0PokwDSFxVq3KJfLAyIg8i82,1,1679391119873,success
1UyVSzBC6mcoqKPYBaotn0XkvKE3,1,1679391150407,success
3xl6ErAo0AhRPY57ubtZooxnQxb2,1,1679391156969,success
yApJWu8dkda80zYL13pFEQCxBBg2,1,1679391190167,success
fGMuVEtYvRbmraCeX9dc0cuotcJ3,1,1679391261414,success
Rrdcp80Oy6S48CR5A6HsGG3EiXK2,1,1679391291101,success
a2P2ruxOicaZv7H7Pvu70gg7HQo1,1,1679391295708,success
QfhSxzn6RYRsFakFRoBxnu48nwP2,1,1679391297519,success
HaeTIFH38mfv0CxgQkxsy1IR1a23,1,1679391303993,success
2uM4iy66jVaraTRSzNfZMnayAtl1,1,1679391330015,success
cuGyxEiKpuUOsum6yLAEytEUX1k2,1,1679391379156,success
FWcvxAoOXEZqhvKDJ0vzHL3zXiC3,1,1679391388648,success
PQRnmAd76TTws0loby7Wf0SZCs23,1,1679391388844,success
f5hrSFE0giXy1nOIBS9pZBKmYV13,1,1679391426255,success
2HYJppYrozg1pO9pPzru2ccfg3k1,1,1679391429733,success
i3xqPG8PhehXiFzPbqUWLlYRdvm1,1,1679391436035,success
aDkN1FO5wiRwa5xaRQMFqaEeTZt2,1,1679391454476,success
QxsXj1KNGNdEtdrViwEToVNzckF3,1,1679391555936,success
aXdA02TLNyZcDeTJshbllfYt3VJ3,1,1679391556588,success
JQhUx2Eo2ZcQoi0eMxRqVgLDpZh1,1,1679391582810,success
VBjdOYksJIgWn75482mBJuoj8uh1,1,1679391749625,success
6hLBUOlsiHYmp8T9ICNpPu66aiv2,1,1679391770003,success
Hn3nY6xELmNCNAt9hVMj3Cokr2P2,1,1679391808637,success
L5gtsjmsfVbMrFlzgQ3y61EhsRp2,1,1679391821161,success
HLVmlS9RukWmQlGFXX59913qWd53,1,1679391842794,success
xZYcvxA1lzeI2tJqpUxBsZDvdvw2,1,1679391910132,success
gT1ItdKL4EQry4Ls2mEzmepVgvU2,1,1679391912600,success
TvCoK5Uq19RgwuBHys53p6XtmRH3,1,1679391921473,success
g7azj5AMOnd2MSAHxPswAKASoGl1,1,1679392045151,success
BVMq7RXePjhJTBYDbHlEFqlcSTx2,1,1679392070651,success
WN68f5lABGeQUDhUVZJJNwlzuMZ2,1,1679392080313,success
ppkNJP7h2MSCPhE6BjUoq46HEnl2,1,1679392153736,success
cqBc9rAb0wcxlcKcdcpO8B0czEo1,1,1679392210214,success
eJYZWvryixWXMeNuPFQtjFgjKlq1,1,1679392214817,success
0wN9bF5aKQQTuzxUv95kHnVPqKs1,1,1679392232297,success
SnIF0lWe2HSDXTWZfKSE8c9j7G83,1,1679392398360,success
D6joAHhcvYQQOQRVHKipvnZumuK2,1,1679392413929,success
9oBMYecOQwZVLn3BCAyFeBoTEud2,1,1679392426625,success
NS5NE352Nbhrk9Db9Pnhaq04pFl2,1,1679392436066,success
FMTC5mf0KAMksS694YU1tGQ09Or1,1,1679392459591,success
Zjj4ISKkJMVlxC8gmhJQi6vj04w1,1,1679392476321,success
xKrjCPR7fxYVcAZGd9uJfRZdIz42,1,1679392480545,success
A98EbHU8hwauI50cwoVoA9WxdZ22,1,1679392508845,success
tKMrXh2HV3TheGhEhTmRKIDKHj72,1,1679392525120,success
yZmQjHNAE0NWw6U9Yg747FlJOGd2,1,1679392565471,success
prNYEYf0wUg8zDDOSJO7A8uft0j2,1,1679392579236,success
SNumyiA9TKd0EwvJDnzLQc8bJdx1,1,1679392628496,success
ngF9vwYg5OdQXYJZcHVSt6jSYzz1,1,1679392631005,success
caDWCv7xHKZ4vvHDRga8wrBPyOd2,1,1679392631509,success
zo7xBTD55jVjP5c4XcNhxwh6gi13,1,1679392638726,success
2YhCejwWwsSMJ7TL9wTpojB3WtP2,1,1679392736062,success
bxIbbSMQkSYdx687FBgshHAmhU72,1,1679392777606,success
b7Oc6Jt7wwXSQdmE9msM8IWDSfO2,1,1679392801143,success
rxKSnYU0CbTSe8jHNM8i4Bq928z1,1,1679392817806,success
WvLO7NwtsTZqNu46Vn5hG9dTPY92,1,1679392827315,success
oEYG0UbDAdUw6qmULZ7yRoKlaO62,1,1679392879734,success
xytUYBb8T5My1N5omxdHLNorfWv1,1,1679392910133,success
WgHslirvfIVsDj3UKo1s8ChUQz93,1,1679392975113,success
JjapMBcyUnc2n9uQPV3E8NULI8R2,1,1679392995363,success
OWzK7KVxvlQBEbEgmOPRjtFXISi1,1,1679393025355,success
FmEvf3Z4NXN98K1vgjh5xROjzZ92,1,1679393039176,success
v73Ny6ui0TegsPDUVrAT3fyNwBI2,1,1679393057115,success
WbnmM9rXyfRfqFtA49bSHuqeszF3,1,1679393061309,success
4fdL5bVD3vWXWH13kXyOmMCzKr52,1,1679393064352,success
E9H88kzTA6PjXkUnnO0RTfDx7432,1,1679393085758,success
E6TOye2ppJYNkNbkQbn4ieEePDz2,1,1679393108097,success
EMYHeC21lLblUIDbOrBl0Uxs7te2,1,1679393202451,success
akMzkUsaOHTMXAVJEiEKScNJAzn1,1,1679393216526,success
X2sA6617xnfi6l8zF0iyBC7Chsf1,1,1679393243719,success
zeB3oJRfYDWDG1QgJIA6IKiqGL23,1,1679393255257,success
z8DOZDCxHrP4Jz9r6UE1qwPXnmw1,1,1679393265969,success
gAmtuXCn1xWkMu0LFy5M8Oim26w1,1,1679393296960,success
LcSVmozJYPOA88DQSiImdYMLJW83,1,1679393323242,success
JJSjUfETMyMHyjsR3FJByjdS1FD3,1,1679393443552,success
mgk45K0igJS8eyqECQpPlkaL3pq2,1,1679393448955,success
PYSvU0MJBvbqbxmAZu8SxtNEtOz1,1,1679393469364,success
QxVDHRp7nld769QSYcLTV8Wj8RV2,1,1679393470684,success
WHfT1aSplATNMZD8mcgvdMy9aIp2,1,1679393482590,success
LBbC0rPWPJe2BOLZ08TOLJzySSf2,1,1679393487774,success
jImDdc4FvyeWqTnawneaKXOSLrd2,1,1679390341720,success
Mxlwhd4CWKcTE8ZsunbM7LJKmPI2,1,1679390349292,success
HrqPBxM0FFPnp9DUqt0fm6teF043,1,1679390352058,success
XUYQWajsJKeejuAjkzXn5GalnDD3,1,1679390437197,success
jz9LoCc6Cmagr51QqDpkgbueL822,1,1679390441479,success
C5b30Bb8JNMosf7N3A2FAhsk8cO2,1,1679390555434,success
AEUKunpfToWxJusF5bkfONwxz2H3,1,1679390591502,success
AU7uaCPfPVbzQMM8d8wOJL84YN03,1,1679390734707,success
4yH6vVyuRdc19Ep9gDws7XRCW4I2,1,1679390807214,success
KNBwMc2tB5cOF9aM75yu2kDTVuu1,1,1679390931174,success
mY2oEbLFxsRdQHM2AG0jHQsdRNb2,1,1679390940059,success
79ZiXqccKfOld2dCRFgCPGrmlub2,1,1679391060955,success
Aw7z7IuNQ4QQQMqQjMR6h211O6y1,1,1679391063620,success
d1Gf1Tt29QRnFGeKiBMdgpAk6c93,1,1679391144451,success
oHXEBqILYtWKavzu2Ax9preL81Q2,1,1679391168672,success
qMRkZtb9oqeYGqoCVGYuJM6k6iA3,1,1679391253719,success
3CV2i3hg0Yh8M6zrcnXFKpDuyHr2,1,1679391284669,success
VWKwH2cXOSaqeC5h2hod0qtvuBp2,1,1679391336450,success
XR5DF17xv5eZfbTrPXO7pSTaYk63,1,1679391337505,success
WDTiaw8GpMfZRT3Kom0k5SNmRZR2,1,1679391354688,success
QtsVcFRzu3ddUzrnFKNYHG4JO0o2,1,1679391373219,success
VYr7YAd6E8dlK1Mb26P0ArFvivk2,1,1679391431899,success
dajT4fZJDxRur0hYetuWPY3RfrW2,1,1679391443344,success
Ayrgwg9TCNPRyw1e8OXeqyeZFo53,1,1679391502396,success
arfMpjWxFoS3LUoo6leUMixZx2O2,1,1679391553578,success
AzjYmwCJCgf6accJpPOWwVpVfXD2,1,1679391581902,success
i4VuY8qn9EVnn83dd0R2I8iFFoc2,1,1679391585992,success
Zme9UMUMluMpFQ4mxaDV3bRQAPJ3,1,1679391698232,success
2woPCZVXIjNF27S8O9tXDwUCHW12,1,1679391801885,success
fcBJNh2H7oWlgUukGvzXlpCa0IQ2,1,1679391814576,success
qzKnIROa0MRlsmk41BHQdlXe7Jz2,1,1679391821816,success
TfLpnF3McxM7Ehl8DSoobOPNJfD2,1,1679391860489,success
Cm1YxiWMegNrdQoR5fK4oXgyzzm1,1,1679391870961,success
aOaGBviiA7MI3pbY99zZAF7rjwv1,1,1679391871631,success
3FIiH0k1Ukeayw1xtKB1Mr0h3St1,1,1679391930584,success
EWuYnU1axlYwkxP4h3bqmHzpNXr2,1,1679391958278,success
rttBnzQF6iQKb7Hy7kisT2cYgrL2,1,1679391978985,success
sbe0vC6dglZCzKnWcux3wSFGRLG3,1,1679392010506,success
Qb9qDT1HiKN4rYWjqJLCXVzGjr12,1,1679392062011,success
1iCaaC3zxTbXv0Vsk1zb8JhbPXb2,1,1679392076154,success
wyqQY2riJoT3uE2R6aKGiYK36Kq2,1,1679392125132,success
mq0H2LArsHbXMc8PkbQUqcyiDRs2,1,1679392174520,success
OBszkWPqXTa9rVhRyO7lgWMm3oW2,1,1679392212875,success
ICaop8XVqPW1sjZI6K4ge1Ds0to1,1,1679392217964,success
OBDpLrDViOfgKgfXqcjFopYtdHt2,1,1679392264776,success
m0lxeRMyL7XORozbB7xQI4wb93l2,1,1679392307312,success
BoVxwP0I5daEqkkisWiHiik7HOA3,1,1679392328198,success
fRmem6MW1uXGkzXTJUjkhxZMrnk1,1,1679392422136,success
KsXx9VvAA1MpmwsNIwPSMEUhJpH3,1,1679392507256,success
w7rt32JhlgY4wliHIEli604ErpG2,1,1679392511276,success
3UTSN0tDjfgj8b1QZRdFluJtnnm1,1,1679392519561,success
kaKEKMu3zCdWCszhaFI6f7Een1U2,1,1679392520281,success
AkV12wmQgIQV2INO0clB0cDJcj73,1,1679392530777,success
STGsmhUmPlNA2uTYmQ0ZCiSlKDF2,1,1679392571399,success
JSWBxwKG1TU8MCmgGRUIKbkjz2K2,1,1679392579448,success
s3NLbBsMsaQmMdBYAPxVxuLvvdc2,1,1679392609504,success
HPkGI1pwPNPgTxBkZot5PIjcwAp2,1,1679392639996,success
K5CiMjxEKTVAdjm0GAPZmfIfcIw1,1,1679392682696,success
RJwcdDL511QyEp7HAyIeAHtkHTh1,1,1679392731781,success
1ggYDxCvfhWwSdH2lE0swug7oax2,1,1679392735711,success
Rxvo92yCIvPPqCD7FQ8QNWHJrlx2,1,1679392873692,success
jnSZAfbBQxNFGqBrnRlkAdWdgPI2,1,1679392929797,success
R24Aqvz713bOlx5Ng9ekk235jZe2,1,1679392976763,success
vepuJLB4SxRjO4LJ4LP3goTmgmp2,1,1679392988168,success
3RXJaYLMeKMsU8X9SFEGmtcXs0i1,1,1679393058391,success
CrnA8bk2mtdjOZKc71g02P9thUv2,1,1679393064212,success
NsNusp3HB1duzFvsK81twd6HpjD2,1,1679393095892,success
Y863Ldfe3ghO77DZeCvsIw4LVbl2,1,1679393137047,success
UzysA4SCu5hIbKHfJHPika2VgNn2,1,1679393149319,success
BMnX5jnhPOgYxsKUsueuCNwxyE03,1,1679393192403,success
jpqU4eUQeEfYRKrkpC0PlVpISn62,1,1679393212151,success
5qtObvYwGibKLpqpr9w3OrAx30V2,1,1679393281358,success
pbHmLR8HyIgFYGeImvj65iJKDxW2,1,1679393308466,success
iRO4Cz2WEpbXsXWchoVuW7CK6RF2,1,1679393341453,success
j4hsXc4tlBc9bUKbnWx0j51vZUA3,1,1679393354468,success
2akS7zifc5PWaP7P2iMCdcEzWW02,1,1679393358292,success
2kezXwrzrCTPx72NtkGn1zOw1b13,1,1679393419212,success
rZWkjxtpnHP5mH7aNbdqCxj12cL2,1,1679393439361,success
cZ1uggLfdwfoHMJJ3NtZXVgOcWg1,1,1679393446060,success
PkiwpTkRPZa4rjDUGL3UHfoduzg2,1,1679393453544,success
Z9cqo1YsN8P2TXqlYlUW2Fa3DsL2,1,1679393513096,success
5BWMlGYK8kbE1ry3XSLboALTgo42,1,1679393524793,success
mCdo45eUgDYqEEwVB5tRjRr68mx1,1,1679393629042,success
GWP6lRusJ2ZeTB7WNk2chmPhnxF3,1,1679393630843,success
UsuYwgCEuGfPzfdjqD76lpLMB322,1,1679393651226,success
GooPQDT7WvT8mru7kbKO4mD3InG3,1,1679393724912,success
zOdoXi08hgMQ1sx4i43NUbrBm1t1,1,1679393747052,success
cKsGxpPrC1O2XOwVgIE9HG8y7Hj2,1,1679393753727,success
SVHxbAhKpld1uYfnviGSgK0IfhI3,1,1679393772993,success
TmWuJVxmxbVv3IQdMWBlfn9KX253,1,1679393773723,success
lw5dssKNhsR3weEXPmY7nkGaB1E2,1,1679393780313,success
XkWVdEglTicHocrBbSMQem9s2MO2,1,1679393801614,success
2KZLgQ1q1ReS3gfjC9TapzD0aQy1,1,1679389654993,success
qlsmyBunxAXJ7YbicMJBt1uUtX92,1,1679389662376,success
a4zjMPNISifvaF3mfHPNzhevlyg1,1,1679389687848,success
fnf3Xqlb28VxVthYiZ0nrxAsUW72,1,1679389709903,success
c6v08dZwSIazzWNkS7Tbsg3gi6R2,1,1679389749972,success
rOKzefb6LFXouCZ8ANcVmReR18j1,1,1679389791823,success
Wl3GfDAE2dgacsBIH68kpnD1uSH2,1,1679389794757,success
gXF8XcTCDaZINOotzIH6XBwLYPu1,1,1679389814784,success
lurdfY0fjSSQfIGdNUl8txuVdsc2,1,1679389817388,success
0WTvUH2hcUbyDmGmGFUKE64Nclt2,1,1679389828799,success
KPxVrqGD8bNFGuLI5c38m2RB83B2,1,1679389862998,success
WqIZz3jmbqP0tdWzJBo1750j5nm1,1,1679389870309,success
WqNT4y4mvaTaQYFjeNPeMfcGCQA3,1,1679389871817,success
09IN1VeGP3SRgX37DMOlf4vz60D3,1,1679389906588,success
R36chzkiIZO5542t8RsACQLVuwo2,1,1679389907235,success
XZnYcr2w1aTXQBRXA29eVnQHN4k2,1,1679389919075,success
HEpBc7AfSwWR0fpElux8DYavkj92,1,1679389930383,success
QqVy4cXXu0WxjtfqQr7nFkAXgOx1,1,1679389941118,success
YzxYOv9GLqY5tWKJmlBhhcJcnzm1,1,1679389956871,success
p7V9p23QBihqmwwJVqJ6tmfMYql2,1,1679389957382,success
fUxp35EN0Cdi2iNKDhs9UgC4w6y1,1,1679389958891,success
WdwBQlHc8rMpUzTaJtcdV16BKeu2,1,1679389992896,success
4VbWKgpi7JUGzjiUr00IgSrgW8v2,1,1679390006678,success
C9zKRTie4JM9Q4TuCalcTqjusAs1,1,1679390031180,success
P91aJdTHR9ZihQ3DI9C6lZVBLF93,1,1679390070979,success
38Omad3gledrRxvyXE0VVajAz8L2,1,1679390082766,success
29lCPXKIGwhngCc1fPzR9IjogTl1,1,1679390103912,success
0ThNfPxpAvfLknfgMlTuYgOmeA23,1,1679390120461,success
4DdlEwkLnberQAhdFQzYZNN6QJ52,1,1679390166332,success
A2aC0TgHCPWz1OWO1vOIT5QR8OJ2,1,1679390189336,success
XsazqQDvsBRHo76mqVZrW47bJyk1,1,1679390213269,success
Lq7yTErrTpSisqJ6czTezGkTAjU2,1,1679390216440,success
rHPUX8sbPtN9nRt7VxSWy27jvOP2,1,1679390220913,success
RiIvrSaEMMV1C9fUHFSnaZVt8r83,1,1679390254769,success
2XCtCantwpbc8HlwdRO3MZSsCBT2,1,1679390260641,success
bonGLZCXcHZeyGAP7i9qIhLceCw2,1,1679390274132,success
Gzpo9AlqtDSEOTrko8dHF8kCZM53,1,1679390276207,success
oUd8CPiBAMPxo2Q8WeZWWIAt4f12,1,1679390277122,success
tdHenY3mjUYegqxoLhT8oVPa9s23,1,1679390358196,success
Eg8BZfY8pmX6Po9xpevbirOjTT32,1,1679390368052,success
8zmArMF6Kpem3JyGpNl85vGRZ3J2,1,1679390371314,success
T2ysxPYXZsf5S5qvEl4Yv9P1Eaw2,1,1679390372969,success
wQjwm1VY4fVLVxhur4L7Pk3FHCm2,1,1679390392834,success
7gOHx2kGg3MdvUvuQP2BhyHQqYx2,1,1679390445400,success
lHeZzkL8qyNGCZJVEAuTlPBryHr2,1,1679390476854,success
stYMis1Prhaok9T30pE4Rl8aN583,1,1679390513526,success
qG5nHMpQXJTCEaCiPUF9FjUvodn2,1,1679390563251,success
CxDZLQ73QFN89BtCJrsb6hkNMxg1,1,1679390572460,success
ytdnp9TZqYVUw3Ko9tuzundfHc42,1,1679390577818,success
z8vxIxApEudLl0CA8Fv2bUkh3oK2,1,1679390593210,success
qQ8K4k8DTabjyRLPbEAfb6bl0Rf1,1,1679390597738,success
2FdwU3H5PRSEi8X9LzMTqb7L7pX2,1,1679390676955,success
1r8TiIDsgQO8cMDPOy8k02NmWW82,1,1679390724883,success
RzjoEPTVMMcVznBTg7i3idQRqiy1,1,1679390743716,success
rOYZd9fjQ9MgngtR0VvLlfnlW2q2,1,1679390744965,success
VJYcGSv9qSMQC2js9RLCvEpgP4J3,1,1679390830455,success
54D432XmKHf4GxnCH7hswgqIjPH2,1,1679390845235,success
iz32qF6YWoa6Kj5mO1Y0WGauImG2,1,1679390870118,success
oAX2lI1uO6ZJQyedwtwftH0j84M2,1,1679390889186,success
APPs8KSH1JO7PC6Am83XKBKAb613,1,1679390891533,success
zyaMHnFUSfSHmJ7ZFWYpqWuyjz93,1,1679390894179,success
pvn02EuZlJZk7mGlzcbLBft1kJ22,1,1679390922799,success
ca2oQ49hXRc88i9WIFg0M5b4Gve2,1,1679390928228,success
QqjZvoyAnPXiKbv17Tq9xiRsIWt1,1,1679390947316,success
0CJwOIL4WraQKUMKrUDrUbMZ23c2,1,1679390984437,success
4bO7oi0djfaALQMLHYYn6zwnErh1,1,1679390984846,success
60pmrTEFg2NrlhOpOdW8dDcGEmi1,1,1679391007706,success
GGXsXJVkKvY44Qgo0PTRBLI5Kqt1,1,1679391053420,success
H1jgil17wPS40kh9ZxPPc9mp7yh2,1,1679391109978,success
GLWZPsLBAHPEUEqO52ieXfhSDC22,1,1679391123443,success
DNY3kqmUFKXelSDzzTPXfYIHHT52,1,1679391134828,success
6u4c61uHNGb3zbyVdiHwcIPnpeL2,1,1679391179743,success
pzeftyJ3vTPk7Roy40ImBuAQWlo2,1,1679391186609,success
q2ZcvV03LRcMoh5LzGF3yQgyvp83,1,1679391192596,success
AFYAKmcxbPMZiSIO7ee000BlMWe2,1,1679391231158,success
9JoBGaEQgDPygo195iuj6KgkQhw2,1,1679391236778,success
2n1Zq58yhuNRWawOdoNmcC4qu5I2,1,1679391245112,success
yp76MKJ9WCSL5Pbf4oT8YEc9Wry2,1,1679391251536,success
nHWqqQAvXMQ66pfsKDUeE76gWcg2,1,1679391285089,success
WprT5ZlAgxezMmdF6ZyttmPwDvi1,1,1679391308503,success
tVPPaNTj81a4VL5cyDezi1vVH0t2,1,1679391338637,success
ypt4uaITXJcJuIi5zi7zW4Qd0pl1,1,1679391358304,success
KMjNYmGmzvZApdhh0FpIlDwbkWy2,1,1679391389108,success
dxexdyrDt2OXmFm32YRSB5YilY52,1,1679391470415,success
jgaGEZkh9UUdtYDkNULfim5zWzB2,1,1679391502207,success
0qR0xU7HJFPTgEVTpSQChZy4Al12,1,1679391513908,success
zbB9deTC9vTFZxYgKHv8GokS1v72,1,1679391555735,success
J6X3ntm88yUbSiSdt3vPnesfXGq1,1,1679391555910,success
y9Y07LRb6sOQQyiLBeD9qMLf4Zk1,1,1679391555750,success
sW3UYu8kjsVsiW4B0kktsS20glM2,1,1679391621847,success
aVn7Qg0vbeRxNUF7exMciaHYkOg2,1,1679391653997,success
oWPBpvzXFffyOvcZfet8Yz4LPEH2,1,1679391660309,success
ECHcKbGdLaSa1QrfShuJp3Kep4c2,1,1679391679111,success
dnwCAcdegiNy60abFswpWSEToVJ3,1,1679391715028,success
oFz4igvgUDZfbEfR74m2LBc510U2,1,1679391718210,success
pRjWqXAeUng0DlnwLYrZNMuxfwp2,1,1679391729374,success
T1Uov0bQgdUYL72i82B2lzvVPKz2,1,1679391737721,success
WTzcGb9iL1f7iGIXCHBrfMl4M532,1,1679391762707,success
SI6k4P0fdffsEZ6FydPBqBZn2Rz2,1,1679391818113,success
oXvsdEdGaRRxq8YGA1snGiD4EiC3,1,1679391819838,success
N6HfncW8wyO2VY5bKDuhvCIks5C2,1,1679391875337,success
TaRQYy8XXdNmsGPJoPIfqXyoREL2,1,1679391909354,success
M9Oww8KMlLRwyeU3cBmw63rQ7M13,1,1679391917284,success
Bz16cUsOjPfYNARn9VVehpNi4IF2,1,1679391924879,success
FiJpQqf4Ena0U3hpoOEUa6hbjux1,1,1679392021221,success
2MRbZJoasScxYLgcCp7J3GR2zTn2,1,1679392027760,success
wqZCHAtUqtPgdTgSDqFfu0nbqCq1,1,1679392032109,success
xEtmDpQWAhWj3j72W1che1c91yY2,1,1679392042672,success
Z8ICAx0nU4fM6K0dOcpwVmz61qy1,1,1679392054800,success
kbySah8GTVY9a8LJ3VdeSrX4uYr2,1,1679392076426,success
NsFuKTXdMCNzEHVrGkHptBN6RqD3,1,1679392086336,success
z7NZgEbdvoX9ncWx3kO04n5t4OK2,1,1679392116169,success
ei90Z7A7dWW0HUYXWAPuQU8XVXG2,1,1679392119266,success
0fI5GystYcZ1KQUMTYiV7i786ZO2,1,1679392124052,success
aXa03N1FJwZF7u88WodAXZ2ivLy1,1,1679392139499,success
tFHBVVw72sb56IzMKPqHCDNGPdq1,1,1679392168700,success
435258yu5nTA9wKM8zPo5l3fVqw2,1,1679392290639,success
lwZbZAQctDV0JphZOpAlv7OEInx2,1,1679392326307,success
Sq4xK6L9BKaP4OtAFY8VMZgP49i1,1,1679392328237,success
1G10f1UDBQXebC5MaxE9rNINpJA2,1,1679392341998,success
9lx6UbrqTDPvI9G4Xph202fJtvz2,1,1679392360495,success
CdHm5tU6i8WwC2aiAZxnTqw8Jr83,1,1679392379828,success
CCg1QrT0pHUNne0WFKnmDRCKJbJ2,1,1679392386691,success
M6amcBN9eyRJBwVd2kCknnWEFIO2,1,1679392426964,success
Sb7C7n2wwkdQAGXRBfpPbKLYk7F3,1,1679392510206,success
Bnk88wZR3yUstFPUMqomuAaMTgB3,1,1679392521373,success
SXb8u9L2lhZJK4MSdH6Nehe8Lio2,1,1679392553944,success
SR5vI5zhDqSbf5MfZLhn1xtmtYl2,1,1679392575623,success
9dQPTSkpaLfRoL8v1G5rTgiQSLd2,1,1679392583552,success
vOvwfqXnJNTPmaeNlbcrrNQM8HH2,1,1679392682879,success
NiZXGmjHF5bhBh4cNOQouoDGJkQ2,1,1679392770960,success
UYRpISbL24SwXFlmljNtO32nV3n1,1,1679392785220,success
YW5y3zoArTTQTn0q2FAmDpfn5BV2,1,1679392799333,success
q604x29WpfYSj1OxB4iqj4V3pGy2,1,1679392912920,success
TkebCzE5kRMYUq80i8V0VhbP2zN2,1,1679392926507,success
ooUxSmokgGYcFn8Xpeyqm5j1o5T2,1,1679392978327,success
1Uf35ZmBUOavb3ea9OVw6ry1Mxv1,1,1679393008419,success
OFKQ7A1ewTZAQ32zlONqtAa8T5T2,1,1679393038288,success
Mxb9fhzEeHW5mkdHZML4aeb6WgZ2,1,1679393116654,success
ildtyHPUBMOtgFdk8PPfB2KViTi1,1,1679393173194,success
oblgjjA37iSKtg0CPIUytaSqQme2,1,1679390585006,success
GPDGIucbB0RudU4Jkcu7g2Bnbn23,1,1679390623309,success
CqlqzQumgPTK5Zgf4UjzZdPU0KZ2,1,1679390695977,success
umKd6wB3h2VAyVMzJxhwT8JsjNM2,1,1679390701024,success
ITLuBR0ydTfEOXUArDetgfoxWb73,1,1679390729629,success
VZNhQkz4robNdAnWg6Nas8pjE8o2,1,1679390761820,success
KUWv2CP2xBbPODtOhaZbJpvNmyY2,1,1679390764874,success
RTeDEjO7JHYs4DU6FXFZxTYH4E83,1,1679390768456,success
MiEhf5pYMNeHPvcoqSrNj0AbPra2,1,1679390845043,success
7Rbud5MSOZcClUo6cYrd8rydCv13,1,1679390862042,success
z8XuMRZwrLhTZG65XJkQFHjUIKe2,1,1679390885003,success
dbTpywpMcFdwpUhGpaogCzytFgm1,1,1679390940286,success
XMF1rd7hBvhtAAeN2DTlaAZ7XI52,1,1679391021138,success
f2DQmZShJTPLseJ35LbTPanwFTp1,1,1679391029621,success
QkSbP73wBlZHEtVYJUhgO6XwDn73,1,1679391075132,success
fNb8SKecDEh6l4kEtkrks7ilBMu1,1,1679391080356,success
Ox4qGwi3Y4YRjTCjMaKpNopXmSC2,1,1679391172785,success
e17m53LNYYTELEvbz5YXL5B4WHw1,1,1679391274265,success
LAlNLwjWqLUcQZZuAU4QS1xq8Jg2,1,1679391312812,success
INnsIXI6pzedMySXd5egxiOvVZG3,1,1679391325758,success
xbsjMBRBpqXa615FE2o9joCfjx62,1,1679391369243,success
swRr4EpAcpRopk7KyEEX8qVGg0o1,1,1679391379425,success
JvlbxktU5VZR4kNCqlntW3NrSiz2,1,1679391519702,success
568kMye67fMZOReezGU33I0ekkf1,1,1679391522115,success
AyiPWjr92pfbTE6Nk65wV92vJZQ2,1,1679391607239,success
hgN0fIwIEYXxp7CL7uFW6a43beo1,1,1679391627205,success
MZR0dqiwhuN8nZun5AiDvfhC8Tz1,1,1679391629524,success
QVFxCqyRAjUgh2vEvSlo0lyihrx1,1,1679391642801,success
Mp6aZW4kppXh1SMXDeOq7vjWxe62,1,1679391702999,success
oJyBOq7GRreXxA3zYtFiFTEs6BC3,1,1679391711882,success
DgN4ZwtezSVXaSx66nEtq66fwIJ3,1,1679391741696,success
6vW1jCn2UbTVcLss8GkE6XziSVb2,1,1679391779144,success
dDhFf6tq2iZXLAgRGF2dTtwZjwt2,1,1679391837272,success
FJHgdTeJj6aEYpEKqezE0PWVzaY2,1,1679391911508,success
EuX3AWpHILh12d9TLWF7qABA41T2,1,1679391920348,success
8fSFbX0wM2dnYTxf02td8Iff8Ds2,1,1679392024014,success
WC0XIg98x8TRBntWVL0yHmyx3562,1,1679392152775,success
AVN3SPGGXwfaWiD4qcCGDxkSKWk2,1,1679392168627,success
PPrx6gcy04bBrMKEX553Rwc1Yjp1,1,1679392252366,success
56E18m8bhcQV2KAvsGiSiYKeIDb2,1,1679392274589,success
LWwuCik1X0deaLqqXU4kvuvMQhA3,1,1679392275581,success
zGnlepxDlwZWKavWTaAk9mpZ5lD3,1,1679392288130,success
NfeUMayYsjPum3NtvnDkbjZi2U12,1,1679392320595,success
VWGSv4ZVE2gXZuLs9NmXd8ku7wI3,1,1679392368532,success
zUXB1CztticKpCWWIv2PuviRauK2,1,1679392448563,success
N0DFeyzr59eHlXgQg93G8kOoKo13,1,1679392485654,success
5M6FaPpBrlbw9E6sdxuS05gOGY53,1,1679392559646,success
0mFojUFBhIb2tLAbT9qjJwhmJNp2,1,1679392582916,success
tC1hFilbQ6ZIwMnkaS6VjXGdMIh1,1,1679392703721,success
ef6a9aLoOhNI4KtvQ7m7w8mpQLZ2,1,1679392796563,success
XK9Yp4o3n5ZLXi84ymG92Nc2BQv1,1,1679392820139,success
HW8H7Whw8eVXL7lHbQWQ9N4i80U2,1,1679392849043,success
Buf4bYP1zfQNH9NQ349zXaYoxei1,1,1679392859534,success
MdL3gU5m1kWQRaBNtvH4c3EvR292,1,1679392863512,success
ALRaDb15cybzt6ub9NpZNMzEZoe2,1,1679392924352,success
2ufWuSFty4SlAFk1eBpeGH3tbkb2,1,1679392967186,success
RfxMapW5OGfi76s175EF2UoqiCd2,1,1679392972927,success
55Vm4MTcMvbXXXscUeQUWS3Xtf33,1,1679392979790,success
qYuDvIgQ4UXLTlDEMwsDJDFNe6B2,1,1679393081506,success
KUtLBgz8P2VGKiygCFhugdPsYbV2,1,1679393101493,success
5b4KcMMkqRPomfDQ5qOfGE2fafj2,1,1679393127702,success
vrTIzgDD91SQYVoFrEHN3G0fKTz2,1,1679393164137,success
C1Tud911QiVyNWiuSt87ug05u8n1,1,1679393216471,success
y00dsWLOlIZlXX8fNjXrQNUFfCO2,1,1679393216526,success
jXF33KVxNZPH9EXxYBvmEoBHpOI2,1,1679393226328,success
RHUMvrabSxe6stagQofiRjyxtzh1,1,1679393265675,success
xVSGUFrpjXOXyCZo16BIkaAcWco2,1,1679393272119,success
zMMfKOqLngfKFKPtZXNwa7vR3W02,1,1679393272300,success
jwSOIelWqfWqn31gQOLnJ1GyM5p2,1,1679393279541,success
GAEoY6cFrcVb90kgvoQeS4wiXuw2,1,1679393297878,success
yGpxtp53FxRjOlJhC2Gvg1fKnFw2,1,1679393311304,success
kMG1XhyewDV0yfApy4CnX3rbIBZ2,1,1679393328850,success
UOw6JTr1mjX5NppO0tvnZiN5lzD2,1,1679393332212,success
ZyDvGNRLoxd6SccanSysq7t5F9p2,1,1679393411476,success
292BUDvED0Mu7de5u9bEelIwthj1,1,1679393445379,success
WCEbilAbdghj5Le8pCnLAbp9nel2,1,1679393478623,success
eyrMNRAHhSgNgXc0hiscK9OqzMO2,1,1679393489873,success
DRHVXJtGK3XZkc1TlltQfPTyNBI3,1,1679393490092,success
xOqztQzva1d55oqqo3u0ZsxXsmz1,1,1679393635242,success
fDKAtbdljZhU6Ljg4GPyCJVKKzM2,1,1679393673854,success
UWMgjNDgOnNhKj7vdljQGoRxdUu1,1,1679393720105,success
Wtsf2cwOCnYZFm1J9QHOqJwWtni1,1,1679393738911,success
A3YD8XXUUnO01LQzv7t3HdDEsIW2,1,1679393762651,success
6dbqqzPuMTSDZ3HtHLFKcPTxOeq1,1,1679393817864,success
j2DFVJH3R1VeKrRfwtvErpa8vr63,1,1679393869669,success
jTmDIBVehUUkp7uvRMAIeAvseDH3,1,1679393871271,success
gUlUoxcqIVPi2XCUvU7ovktji0g2,1,1679393878373,success
Ahe6pQW8CSVoq3kS7a52UIFm1O43,1,1679393896946,success
QBg9KpPnoENpXGJemfnd5SgIsvG2,1,1679393948419,success
q88oJgqNNYTQnTajOo2HmG7wjRn2,1,1679393949198,success
cInCpYIN5sdNXXpTZR1Jh4Mh8U83,1,1679393978867,success
ypMVdP8treeMQN30ir1YhUxMIvh1,1,1679393980174,success
MhEtoTYp6fUZ7zekogQ5FrAtmSo2,1,1679393996781,success
tuJOwgIl5MU5Xy7msJZx73jWJpn2,1,1679394007733,success
qhAlJs0PP0bHx3jwudd440iQwNl1,1,1679394051235,success
y779iZ3xtYcfi9dmDDQAoz79qyg1,1,1679394085094,success
XuQhAzxsXleut9SuZ4AFK39kebL2,1,1679394102681,success
UI22yKWxJAUUtbnM7qMKEHRefTm1,1,1679394115801,success
PZKHpRv9H1ZVjlVPFNGO01E1YYT2,1,1679389078644,success
JvPGeJFyF8b7uj9sHhFVLAALRyA3,1,1679389079538,success
qxB4W8HK96QDZKpK9nvKI3sQJW03,1,1679389084190,success
BEwby9IZ17PXQt944xfgls0pYmq2,1,1679389085851,success
4aMKpcmaHJW9cLGSi73XjdoyiLz2,1,1679389085969,success
K6djgI0YLLhLPvlDOjGHIScWyHJ3,1,1679389090616,success
rza75DnewLbrLsUSwgeKqyNTuM02,1,1679389095758,success
4JafG0I9DyQ6SB0yRSow25Ki7PE3,1,1679389100422,success
VT1kHi07rtTMa6lDG1vOYEpGUU13,1,1679389103695,success
A17UX1sMXOT8kbt1VL2aX5eXkR53,1,1679389105567,success
NUglgSO08bOn0dR9WZFSyjB9ZH22,1,1679389106580,success
Qa79c52YINZUaUPOfWXVNZieQ3B2,1,1679389107688,success
ithrbdUakzQrLcJ3qSEyfjCb5I43,1,1679389108901,success
Y5ngtqOIKxgG14NZl108rE3EDXz1,1,1679389114698,success
BfYvgKXfOcSnD8DuEXQdSSJAdf32,1,1679389118199,success
xngNM6ythCbfJ94oGbzaT51bfVH2,1,1679389138439,success
Y2fPkleXiqNR5Irgptjutj8IyFQ2,1,1679389145799,success
1YA1JMfyJWXp0gaotNRiphuDy3B2,1,1679389162454,success
mUWfv3KuxVSzgMVtfaJjiFEuSHr2,1,1679389167804,success
8M8qmWITHzfGuM1toYH8kjWpDwo2,1,1679389169149,success
KmH2OJftmvQPWJIql3DzASMgloO2,1,1679389176121,success
Xti5UVPoS6f95SFmZTXIZnNAdOg1,1,1679389176606,success
iBEhkCrdNmhyVY5lFC70nC25Mom2,1,1679389178196,success
xKJB4ueGg1ZE13GIB06DLF8qnSl2,1,1679389178371,success
mQ9U6ijmFJfdlfEYMGlqDOokT6i2,1,1679389185610,success
scj2CyIs0sNZ6CnohYYn8wsMlVk1,1,1679389188647,success
6kIIYgsUf6R5KgKZmay09079u9C2,1,1679389190641,success
UwFZv7tzDYOap71u7hGX58crAJe2,1,1679389194618,success
d9gcgnDrZCRFtZ4fcZxm6nOmEdk1,1,1679389197793,success
bW3vV59J5PPBq8YgQaTLCAlVV703,1,1679389203664,success
JyjUOrZ5weMFdzPOpPGejKfOsnt1,1,1679389205033,success
r7ccZ7FHH9UyFRAF6Qppi36H5Pw2,1,1679389205240,success
GXkcoPNEZEYFwupTQWU2rcV9Lr73,1,1679389207176,success
8dNcvUlTmRWfz6hCRj1mDz80xgg2,1,1679389207370,success
H15B21suDBcnBdDNB28p3csyNc22,1,1679389207492,success
Xts7qtTk12hJErF3OtsP5HUMZeB2,1,1679389210994,success
yBRkxGAZT6UjP6h1MOIR69mv6rN2,1,1679389223054,success
ogwd79ZXpwY5TEcyJ8MsxPvGX2y1,1,1679389224730,success
ydBLfMoi1LcoorrR096MdoKUNGx2,1,1679389225927,success
l0SkX9QsS4bP14MInBVP5NKSnqE3,1,1679389235523,success
Kvpge18mfeR9HhxQOELztTk0ZHK2,1,1679389236582,success
hBkURftv94TyAsSgDB3zxT15rAD2,1,1679389236720,success